[
{
    "model": "sessions.session",
    "pk": "65nx5an4cs91hn4v6m3qo0zlacyr7q59",
    "fields": {
        "session_data": "M2NmMWU3NjBjZmI2NzM3ZjNkYWNhYWM0NDc0NzVlZTI0YTJmN2E0Yzp7Il9hdXRoX3VzZXJfaGFzaCI6ImFhODAzYTJmNzgwZGE0ZTgzNmM2YTMwMWU3ODgzYTcxMWQ2Yzc4NWMiLCJfYXV0aF91c2VyX2JhY2tlbmQiOiJhY2NvdW50cy5iYWNrZW5kcy5FbWFpbEF1dGgiLCJfYXV0aF91c2VyX2lkIjoiNiJ9",
        "expire_date": "2017-10-18T18:20:21.853Z"
    }
},
{
    "model": "accounts.weddingrole",
    "pk": 1,
    "fields": {
        "wedding_role": "Bride"
    }
},
{
    "model": "accounts.weddingrole",
    "pk": 2,
    "fields": {
        "wedding_role": "Groom"
    }
},
{
    "model": "accounts.weddingrole",
    "pk": 3,
    "fields": {
        "wedding_role": "Mother of Bride"
    }
},
{
    "model": "accounts.weddingrole",
    "pk": 4,
    "fields": {
        "wedding_role": "Father of Bride"
    }
},
{
    "model": "accounts.weddingrole",
    "pk": 5,
    "fields": {
        "wedding_role": "Mother of Groom"
    }
},
{
    "model": "accounts.weddingrole",
    "pk": 6,
    "fields": {
        "wedding_role": "Father of Groom"
    }
},
{
    "model": "accounts.weddingrole",
    "pk": 7,
    "fields": {
        "wedding_role": "Maid of Honor"
    }
},
{
    "model": "accounts.weddingrole",
    "pk": 8,
    "fields": {
        "wedding_role": "Bridesmaid"
    }
},
{
    "model": "accounts.weddingrole",
    "pk": 9,
    "fields": {
        "wedding_role": "Best Man"
    }
},
{
    "model": "accounts.weddingrole",
    "pk": 10,
    "fields": {
        "wedding_role": "Usher"
    }
},
{
    "model": "accounts.user",
    "pk": 1,
    "fields": {
        "password": "pbkdf2_sha256$20000$4GvIranSfA2h$ELad1oBCgxL6QEF6Sn7WwnWNK5qWeOjahZ5Ckr0O6Zw=",
        "last_login": "2017-10-05T18:53:02.411Z",
        "is_superuser": true,
        "username": "ed.walker@hotmail.co.uk",
        "first_name": "",
        "last_name": "",
        "email": "ed.walker@hotmail.co.uk",
        "is_staff": true,
        "is_active": true,
        "date_joined": "2017-09-19T19:46:22.305Z",
        "wedding_role": "",
        "forum_name": "",
        "stripe_id": "",
        "groups": [],
        "user_permissions": []
    }
},
{
    "model": "accounts.user",
    "pk": 5,
    "fields": {
        "password": "pbkdf2_sha256$20000$QMZlGI6S3bzt$Yrl5Mkp9hRnn7ezWMgycZq6GkAiC7WoMqD7NHl4hm40=",
        "last_login": "2017-09-25T19:48:28.739Z",
        "is_superuser": false,
        "username": "test1@email.com",
        "first_name": "testtest",
        "last_name": "test",
        "email": "test1@email.com",
        "is_staff": false,
        "is_active": true,
        "date_joined": "2017-09-23T12:16:14.406Z",
        "wedding_role": "Mother of Groom",
        "forum_name": "test1",
        "stripe_id": "",
        "groups": [],
        "user_permissions": []
    }
},
{
    "model": "accounts.user",
    "pk": 6,
    "fields": {
        "password": "pbkdf2_sha256$36000$IKZy1NUgPIO7$/w55PPKwQ5NgHyj1sRDzF5V1BLkfGRjFMUY6EEQKsVw=",
        "last_login": "2017-10-22T11:04:53.903Z",
        "is_superuser": false,
        "username": "test@a.com",
        "first_name": "test",
        "last_name": "a",
        "email": "test@a.com",
        "is_staff": false,
        "is_active": true,
        "date_joined": "2017-09-23T12:24:06.852Z",
        "wedding_role": "Father of Groom",
        "forum_name": "testa",
        "stripe_id": "cus_BcdXwJhmzeKc7U",
        "groups": [],
        "user_permissions": []
    }
},
{
    "model": "accounts.user",
    "pk": 7,
    "fields": {
        "password": "pbkdf2_sha256$20000$wHWvO6e9q5Uf$xjyDBJ9G1Gs9sCwgeLMRsQ6P7v4+hpt732uO8/S2LIY=",
        "last_login": "2017-10-07T09:39:44.059Z",
        "is_superuser": false,
        "username": "another@test.com",
        "first_name": "Another",
        "last_name": "Test",
        "email": "another@test.com",
        "is_staff": false,
        "is_active": true,
        "date_joined": "2017-10-07T09:39:18.204Z",
        "wedding_role": "Best Man",
        "forum_name": "anothertest",
        "stripe_id": "",
        "groups": [],
        "user_permissions": []
    }
},
{
    "model": "accounts.user",
    "pk": 9,
    "fields": {
        "password": "pbkdf2_sha256$20000$bBEjyToKA04Y$1kPnRoAcSeIe/Z0O/4U4l/ojdE2aHMQ15p1tK1vHDnw=",
        "last_login": "2017-10-11T19:48:44.771Z",
        "is_superuser": false,
        "username": "reg@test2.com",
        "first_name": "reg",
        "last_name": "test2",
        "email": "reg@test2.com",
        "is_staff": false,
        "is_active": true,
        "date_joined": "2017-10-11T19:48:44.371Z",
        "wedding_role": "Father of Bride",
        "forum_name": "regtest1234",
        "stripe_id": "",
        "groups": [],
        "user_permissions": []
    }
},
{
    "model": "accounts.user",
    "pk": 11,
    "fields": {
        "password": "pbkdf2_sha256$20000$UuJOOsiXYmI8$7RJmqIUVPi+y6k4daSqdDJzPxJ1PIOaIRz41NESlXB0=",
        "last_login": "2017-10-21T14:09:00.834Z",
        "is_superuser": false,
        "username": "stripe@test.com",
        "first_name": "stripe",
        "last_name": "test",
        "email": "stripe@test.com",
        "is_staff": false,
        "is_active": true,
        "date_joined": "2017-10-21T14:09:00.390Z",
        "wedding_role": "Bride",
        "forum_name": "stripetest",
        "stripe_id": "",
        "groups": [],
        "user_permissions": []
    }
},
{
    "model": "accounts.user",
    "pk": 12,
    "fields": {
        "password": "pbkdf2_sha256$20000$PXJ49gPjmME8$UqU+W2vVSQXVTGgJQADrGDpMnqDj5Hlcx0+9OxhdMg4=",
        "last_login": "2017-10-21T14:28:39.958Z",
        "is_superuser": false,
        "username": "stripe@too.com",
        "first_name": "stripe",
        "last_name": "too",
        "email": "stripe@too.com",
        "is_staff": false,
        "is_active": true,
        "date_joined": "2017-10-21T14:28:39.578Z",
        "wedding_role": "Groom",
        "forum_name": "stripetoo",
        "stripe_id": "",
        "groups": [],
        "user_permissions": []
    }
},
{
    "model": "accounts.user",
    "pk": 13,
    "fields": {
        "password": "pbkdf2_sha256$20000$WBYmhtEn0P1C$Sv/Ib/8KeAgZuQRt6ZgNK33F2Y8YHZVTde8g3QjDL4k=",
        "last_login": "2017-10-21T14:33:34.088Z",
        "is_superuser": false,
        "username": "abc@test.com",
        "first_name": "abc",
        "last_name": "123",
        "email": "abc@test.com",
        "is_staff": false,
        "is_active": true,
        "date_joined": "2017-10-21T14:33:33.660Z",
        "wedding_role": "Mother of Groom",
        "forum_name": "abc123",
        "stripe_id": "cus_BcdQ1bft4SPrI8",
        "groups": [],
        "user_permissions": []
    }
},
{
    "model": "accounts.user",
    "pk": 14,
    "fields": {
        "password": "pbkdf2_sha256$36000$VhUbANWNfKAl$R/H3kL96lyAn9Cf0znUnE3ltrznKzBHQSQRToYmRZcI=",
        "last_login": "2017-10-22T10:03:55.058Z",
        "is_superuser": false,
        "username": "new@user.com",
        "first_name": "new",
        "last_name": "user",
        "email": "new@user.com",
        "is_staff": false,
        "is_active": true,
        "date_joined": "2017-10-22T10:03:54.374Z",
        "wedding_role": "Usher",
        "forum_name": "newUser",
        "stripe_id": "cus_BcwD27jtPtCxmg",
        "groups": [],
        "user_permissions": []
    }
},
{
    "model": "shop.productcategory",
    "pk": 1,
    "fields": {
        "title": "Invitations",
        "description": "Wedding invites"
    }
},
{
    "model": "shop.productcategory",
    "pk": 2,
    "fields": {
        "title": "Save the Date ",
        "description": "Save the date cards and magnets"
    }
},
{
    "model": "shop.productcategory",
    "pk": 3,
    "fields": {
        "title": "Table Plans",
        "description": "Table plans to show your guests where they are sitting during the wedding breakfast"
    }
},
{
    "model": "shop.product",
    "pk": 1,
    "fields": {
        "title": "Test Product 1",
        "description": "The first test product",
        "main_image": "media/product1img1.jpeg",
        "price": "1.25",
        "stock": 10000,
        "timestamp": "2017-09-26T17:54:24.905Z",
        "active": true,
        "category": [
            1
        ]
    }
},
{
    "model": "shop.product",
    "pk": 2,
    "fields": {
        "title": "Test Product 2",
        "description": "The second test product",
        "main_image": "media/product2img1.jpeg",
        "price": "3.00",
        "stock": 10000,
        "timestamp": "2017-09-26T17:55:21.373Z",
        "active": true,
        "category": [
            2
        ]
    }
},
{
    "model": "shop.product",
    "pk": 3,
    "fields": {
        "title": "Test Product 3",
        "description": "test test test tets sts sgsh sins ois oisoimosimos  hiufifo r ffjrfjoij rfoj  r ojrlf",
        "main_image": "media/product2img3.jpeg",
        "price": "0.99",
        "stock": 10000,
        "timestamp": "2017-09-26T17:55:58.776Z",
        "active": true,
        "category": [
            1
        ]
    }
},
{
    "model": "shop.product",
    "pk": 4,
    "fields": {
        "title": "Test Product 4",
        "description": "This product is test product 4",
        "main_image": "media/product2img2_7IfWQ6w.jpeg",
        "price": "5.50",
        "stock": 10000,
        "timestamp": "2017-10-03T19:17:16.133Z",
        "active": true,
        "category": [
            3
        ]
    }
},
{
    "model": "shop.product",
    "pk": 5,
    "fields": {
        "title": "Test Product 5",
        "description": "Test Product 5 - a lovely wedding based thing",
        "main_image": "media/product1img4_nEdoFDe.jpeg",
        "price": "7.99",
        "stock": 10000,
        "timestamp": "2017-10-05T18:53:48.889Z",
        "active": true,
        "category": [
            2
        ]
    }
},
{
    "model": "shop.product",
    "pk": 6,
    "fields": {
        "title": "Test Product 6",
        "description": "Because i'd like to test 6 products!",
        "main_image": "media/product1img3_OLkaA7r.jpeg",
        "price": "0.99",
        "stock": 10000,
        "timestamp": "2017-10-05T18:54:23.702Z",
        "active": true,
        "category": [
            1
        ]
    }
},
{
    "model": "shop.productimage",
    "pk": 7,
    "fields": {
        "product": 1,
        "image": "media/product1img2.jpeg",
        "active": true,
        "updated": "2017-09-26T19:37:23.840Z"
    }
},
{
    "model": "shop.productimage",
    "pk": 8,
    "fields": {
        "product": 1,
        "image": "media/product1img3.jpeg",
        "active": true,
        "updated": "2017-09-26T19:37:32.105Z"
    }
},
{
    "model": "shop.productimage",
    "pk": 9,
    "fields": {
        "product": 1,
        "image": "media/product1img4.jpeg",
        "active": true,
        "updated": "2017-09-26T19:37:44.300Z"
    }
},
{
    "model": "shop.productimage",
    "pk": 10,
    "fields": {
        "product": 2,
        "image": "media/product2img2.jpeg",
        "active": true,
        "updated": "2017-09-26T19:37:51.127Z"
    }
},
{
    "model": "shop.productimage",
    "pk": 11,
    "fields": {
        "product": 2,
        "image": "media/product2img3_QS3p9xs.jpeg",
        "active": true,
        "updated": "2017-09-26T19:37:57.195Z"
    }
},
{
    "model": "shop.productreview",
    "pk": 1,
    "fields": {
        "product": 1,
        "user": [
            "test1@email.com"
        ],
        "review": "This review was added as a test in the django admin page",
        "rating": 4
    }
},
{
    "model": "shop.productreview",
    "pk": 2,
    "fields": {
        "product": 1,
        "user": [
            "test@a.com"
        ],
        "review": "test at a dot com added this review in djnag admin try over 5 rating wihc shouldnt work",
        "rating": 5
    }
},
{
    "model": "shop.productreview",
    "pk": 3,
    "fields": {
        "product": 4,
        "user": [
            "ed.walker@hotmail.co.uk"
        ],
        "review": "Review added from Review form",
        "rating": 3
    }
},
{
    "model": "shop.productreview",
    "pk": 4,
    "fields": {
        "product": 2,
        "user": [
            "test@a.com"
        ],
        "review": "Review added by testa",
        "rating": 4
    }
},
{
    "model": "shop.productreview",
    "pk": 5,
    "fields": {
        "product": 2,
        "user": [
            "test@a.com"
        ],
        "review": "Review added by testa",
        "rating": 4
    }
},
{
    "model": "shop.productreview",
    "pk": 6,
    "fields": {
        "product": 2,
        "user": [
            "test@a.com"
        ],
        "review": "Review added by testa",
        "rating": 4
    }
},
{
    "model": "shop.productreview",
    "pk": 7,
    "fields": {
        "product": 2,
        "user": [
            "test@a.com"
        ],
        "review": "Second review added by testa",
        "rating": 1
    }
},
{
    "model": "shop.productreview",
    "pk": 8,
    "fields": {
        "product": 4,
        "user": [
            "test@a.com"
        ],
        "review": "Test A should be able to add review",
        "rating": 4
    }
},
{
    "model": "shop.productreview",
    "pk": 9,
    "fields": {
        "product": 1,
        "user": [
            "another@test.com"
        ],
        "review": "Another review",
        "rating": 3
    }
},
{
    "model": "shop.productreview",
    "pk": 10,
    "fields": {
        "product": 6,
        "user": [
            "test@a.com"
        ],
        "review": "bring the avg down",
        "rating": 1
    }
},
{
    "model": "shop.productreview",
    "pk": 11,
    "fields": {
        "product": 3,
        "user": [
            "test@a.com"
        ],
        "review": "another tes",
        "rating": 5
    }
},
{
    "model": "shop.productreview",
    "pk": 12,
    "fields": {
        "product": 1,
        "user": [
            "new@user.com"
        ],
        "review": "Low score review",
        "rating": 1
    }
},
{
    "model": "shop.productreview",
    "pk": 13,
    "fields": {
        "product": 3,
        "user": [
            "new@user.com"
        ],
        "review": "rubbish!",
        "rating": 1
    }
},
{
    "model": "forum.subject",
    "pk": 1,
    "fields": {
        "name": "Forum Subject Test 1",
        "description": "<p>This is the fiirst test subject</p>"
    }
},
{
    "model": "forum.subject",
    "pk": 2,
    "fields": {
        "name": "Forum Test Subject 2",
        "description": "<p>Another Test subject for this forum</p>"
    }
},
{
    "model": "forum.thread",
    "pk": 1,
    "fields": {
        "name": "Thread added in app 1",
        "user": [
            "test1@email.com"
        ],
        "subject": 1,
        "created_at": "2017-09-25T19:49:08.720Z"
    }
},
{
    "model": "admin.logentry",
    "pk": 1,
    "fields": {
        "action_time": "2017-09-20T19:42:51.166Z",
        "user": [
            "ed.walker@hotmail.co.uk"
        ],
        "content_type": [
            "accounts",
            "weddingrole"
        ],
        "object_id": "1",
        "object_repr": "Bride",
        "action_flag": 1,
        "change_message": ""
    }
},
{
    "model": "admin.logentry",
    "pk": 2,
    "fields": {
        "action_time": "2017-09-20T19:42:56.389Z",
        "user": [
            "ed.walker@hotmail.co.uk"
        ],
        "content_type": [
            "accounts",
            "weddingrole"
        ],
        "object_id": "2",
        "object_repr": "Groom",
        "action_flag": 1,
        "change_message": ""
    }
},
{
    "model": "admin.logentry",
    "pk": 3,
    "fields": {
        "action_time": "2017-09-20T19:43:06.806Z",
        "user": [
            "ed.walker@hotmail.co.uk"
        ],
        "content_type": [
            "accounts",
            "weddingrole"
        ],
        "object_id": "3",
        "object_repr": "Mother of Bride",
        "action_flag": 1,
        "change_message": ""
    }
},
{
    "model": "admin.logentry",
    "pk": 4,
    "fields": {
        "action_time": "2017-09-20T19:43:14.907Z",
        "user": [
            "ed.walker@hotmail.co.uk"
        ],
        "content_type": [
            "accounts",
            "weddingrole"
        ],
        "object_id": "4",
        "object_repr": "Father of Bride",
        "action_flag": 1,
        "change_message": ""
    }
},
{
    "model": "admin.logentry",
    "pk": 5,
    "fields": {
        "action_time": "2017-09-20T19:43:22.948Z",
        "user": [
            "ed.walker@hotmail.co.uk"
        ],
        "content_type": [
            "accounts",
            "weddingrole"
        ],
        "object_id": "5",
        "object_repr": "Mother of Groom",
        "action_flag": 1,
        "change_message": ""
    }
},
{
    "model": "admin.logentry",
    "pk": 6,
    "fields": {
        "action_time": "2017-09-20T19:43:33.483Z",
        "user": [
            "ed.walker@hotmail.co.uk"
        ],
        "content_type": [
            "accounts",
            "weddingrole"
        ],
        "object_id": "6",
        "object_repr": "Father of Groom",
        "action_flag": 1,
        "change_message": ""
    }
},
{
    "model": "admin.logentry",
    "pk": 7,
    "fields": {
        "action_time": "2017-09-20T19:43:43.785Z",
        "user": [
            "ed.walker@hotmail.co.uk"
        ],
        "content_type": [
            "accounts",
            "weddingrole"
        ],
        "object_id": "7",
        "object_repr": "Maid of Honor",
        "action_flag": 1,
        "change_message": ""
    }
},
{
    "model": "admin.logentry",
    "pk": 8,
    "fields": {
        "action_time": "2017-09-20T19:43:50.899Z",
        "user": [
            "ed.walker@hotmail.co.uk"
        ],
        "content_type": [
            "accounts",
            "weddingrole"
        ],
        "object_id": "8",
        "object_repr": "Bridesmaid",
        "action_flag": 1,
        "change_message": ""
    }
},
{
    "model": "admin.logentry",
    "pk": 9,
    "fields": {
        "action_time": "2017-09-20T19:43:57.573Z",
        "user": [
            "ed.walker@hotmail.co.uk"
        ],
        "content_type": [
            "accounts",
            "weddingrole"
        ],
        "object_id": "9",
        "object_repr": "Best Man",
        "action_flag": 1,
        "change_message": ""
    }
},
{
    "model": "admin.logentry",
    "pk": 10,
    "fields": {
        "action_time": "2017-09-20T19:44:05.947Z",
        "user": [
            "ed.walker@hotmail.co.uk"
        ],
        "content_type": [
            "accounts",
            "weddingrole"
        ],
        "object_id": "10",
        "object_repr": "Usher",
        "action_flag": 1,
        "change_message": ""
    }
},
{
    "model": "admin.logentry",
    "pk": 11,
    "fields": {
        "action_time": "2017-09-23T11:36:08.700Z",
        "user": [
            "ed.walker@hotmail.co.uk"
        ],
        "content_type": [
            "accounts",
            "user"
        ],
        "object_id": "4",
        "object_repr": "",
        "action_flag": 3,
        "change_message": ""
    }
},
{
    "model": "admin.logentry",
    "pk": 12,
    "fields": {
        "action_time": "2017-09-25T18:28:56.189Z",
        "user": [
            "ed.walker@hotmail.co.uk"
        ],
        "content_type": [
            "forum",
            "subject"
        ],
        "object_id": "1",
        "object_repr": "Forum Subject Test 1",
        "action_flag": 1,
        "change_message": ""
    }
},
{
    "model": "admin.logentry",
    "pk": 13,
    "fields": {
        "action_time": "2017-09-25T18:29:20.543Z",
        "user": [
            "ed.walker@hotmail.co.uk"
        ],
        "content_type": [
            "forum",
            "subject"
        ],
        "object_id": "2",
        "object_repr": "Forum Test Subject 2",
        "action_flag": 1,
        "change_message": ""
    }
},
{
    "model": "admin.logentry",
    "pk": 14,
    "fields": {
        "action_time": "2017-09-26T17:49:46.616Z",
        "user": [
            "ed.walker@hotmail.co.uk"
        ],
        "content_type": [
            "shop",
            "productcategory"
        ],
        "object_id": "1",
        "object_repr": "Invitations",
        "action_flag": 1,
        "change_message": ""
    }
},
{
    "model": "admin.logentry",
    "pk": 15,
    "fields": {
        "action_time": "2017-09-26T17:52:20.852Z",
        "user": [
            "ed.walker@hotmail.co.uk"
        ],
        "content_type": [
            "shop",
            "productcategory"
        ],
        "object_id": "2",
        "object_repr": "Save the Date ",
        "action_flag": 1,
        "change_message": ""
    }
},
{
    "model": "admin.logentry",
    "pk": 16,
    "fields": {
        "action_time": "2017-09-26T17:53:08.927Z",
        "user": [
            "ed.walker@hotmail.co.uk"
        ],
        "content_type": [
            "shop",
            "productcategory"
        ],
        "object_id": "3",
        "object_repr": "Table Plans",
        "action_flag": 1,
        "change_message": ""
    }
},
{
    "model": "admin.logentry",
    "pk": 17,
    "fields": {
        "action_time": "2017-09-26T17:54:24.972Z",
        "user": [
            "ed.walker@hotmail.co.uk"
        ],
        "content_type": [
            "shop",
            "product"
        ],
        "object_id": "1",
        "object_repr": "Test Product 1",
        "action_flag": 1,
        "change_message": ""
    }
},
{
    "model": "admin.logentry",
    "pk": 18,
    "fields": {
        "action_time": "2017-09-26T17:55:21.401Z",
        "user": [
            "ed.walker@hotmail.co.uk"
        ],
        "content_type": [
            "shop",
            "product"
        ],
        "object_id": "2",
        "object_repr": "Test Product 2",
        "action_flag": 1,
        "change_message": ""
    }
},
{
    "model": "admin.logentry",
    "pk": 19,
    "fields": {
        "action_time": "2017-09-26T17:55:58.963Z",
        "user": [
            "ed.walker@hotmail.co.uk"
        ],
        "content_type": [
            "shop",
            "product"
        ],
        "object_id": "3",
        "object_repr": "Test Product 3",
        "action_flag": 1,
        "change_message": ""
    }
},
{
    "model": "admin.logentry",
    "pk": 20,
    "fields": {
        "action_time": "2017-09-26T17:56:20.175Z",
        "user": [
            "ed.walker@hotmail.co.uk"
        ],
        "content_type": [
            "shop",
            "productimage"
        ],
        "object_id": "1",
        "object_repr": "Test Product 1",
        "action_flag": 1,
        "change_message": ""
    }
},
{
    "model": "admin.logentry",
    "pk": 21,
    "fields": {
        "action_time": "2017-09-26T17:56:30.427Z",
        "user": [
            "ed.walker@hotmail.co.uk"
        ],
        "content_type": [
            "shop",
            "productimage"
        ],
        "object_id": "2",
        "object_repr": "Test Product 1",
        "action_flag": 1,
        "change_message": ""
    }
},
{
    "model": "admin.logentry",
    "pk": 22,
    "fields": {
        "action_time": "2017-09-26T17:56:40.107Z",
        "user": [
            "ed.walker@hotmail.co.uk"
        ],
        "content_type": [
            "shop",
            "productimage"
        ],
        "object_id": "3",
        "object_repr": "Test Product 1",
        "action_flag": 1,
        "change_message": ""
    }
},
{
    "model": "admin.logentry",
    "pk": 23,
    "fields": {
        "action_time": "2017-09-26T17:56:48.320Z",
        "user": [
            "ed.walker@hotmail.co.uk"
        ],
        "content_type": [
            "shop",
            "productimage"
        ],
        "object_id": "4",
        "object_repr": "Test Product 1",
        "action_flag": 1,
        "change_message": ""
    }
},
{
    "model": "admin.logentry",
    "pk": 24,
    "fields": {
        "action_time": "2017-09-26T17:56:56.381Z",
        "user": [
            "ed.walker@hotmail.co.uk"
        ],
        "content_type": [
            "shop",
            "productimage"
        ],
        "object_id": "5",
        "object_repr": "Test Product 2",
        "action_flag": 1,
        "change_message": ""
    }
},
{
    "model": "admin.logentry",
    "pk": 25,
    "fields": {
        "action_time": "2017-09-26T17:57:05.696Z",
        "user": [
            "ed.walker@hotmail.co.uk"
        ],
        "content_type": [
            "shop",
            "productimage"
        ],
        "object_id": "6",
        "object_repr": "Test Product 2",
        "action_flag": 1,
        "change_message": ""
    }
},
{
    "model": "admin.logentry",
    "pk": 26,
    "fields": {
        "action_time": "2017-09-26T17:57:34.251Z",
        "user": [
            "ed.walker@hotmail.co.uk"
        ],
        "content_type": [
            "shop",
            "productimage"
        ],
        "object_id": "3",
        "object_repr": "Test Product 1",
        "action_flag": 3,
        "change_message": ""
    }
},
{
    "model": "admin.logentry",
    "pk": 27,
    "fields": {
        "action_time": "2017-09-26T17:58:16.578Z",
        "user": [
            "ed.walker@hotmail.co.uk"
        ],
        "content_type": [
            "shop",
            "productreview"
        ],
        "object_id": "1",
        "object_repr": "ProductReview object",
        "action_flag": 1,
        "change_message": ""
    }
},
{
    "model": "admin.logentry",
    "pk": 28,
    "fields": {
        "action_time": "2017-09-26T17:59:08.064Z",
        "user": [
            "ed.walker@hotmail.co.uk"
        ],
        "content_type": [
            "shop",
            "productreview"
        ],
        "object_id": "2",
        "object_repr": "ProductReview object",
        "action_flag": 1,
        "change_message": ""
    }
},
{
    "model": "admin.logentry",
    "pk": 29,
    "fields": {
        "action_time": "2017-09-26T19:26:52.831Z",
        "user": [
            "ed.walker@hotmail.co.uk"
        ],
        "content_type": [
            "shop",
            "product"
        ],
        "object_id": "3",
        "object_repr": "Test Product 3",
        "action_flag": 2,
        "change_message": "Changed main_image."
    }
},
{
    "model": "admin.logentry",
    "pk": 30,
    "fields": {
        "action_time": "2017-09-26T19:31:10.771Z",
        "user": [
            "ed.walker@hotmail.co.uk"
        ],
        "content_type": [
            "shop",
            "product"
        ],
        "object_id": "3",
        "object_repr": "Test Product 3",
        "action_flag": 2,
        "change_message": "Changed main_image."
    }
},
{
    "model": "admin.logentry",
    "pk": 31,
    "fields": {
        "action_time": "2017-09-26T19:35:52.232Z",
        "user": [
            "ed.walker@hotmail.co.uk"
        ],
        "content_type": [
            "shop",
            "product"
        ],
        "object_id": "1",
        "object_repr": "Test Product 1",
        "action_flag": 2,
        "change_message": "Changed main_image."
    }
},
{
    "model": "admin.logentry",
    "pk": 32,
    "fields": {
        "action_time": "2017-09-26T19:36:00.927Z",
        "user": [
            "ed.walker@hotmail.co.uk"
        ],
        "content_type": [
            "shop",
            "product"
        ],
        "object_id": "2",
        "object_repr": "Test Product 2",
        "action_flag": 2,
        "change_message": "Changed main_image."
    }
},
{
    "model": "admin.logentry",
    "pk": 33,
    "fields": {
        "action_time": "2017-09-26T19:36:53.694Z",
        "user": [
            "ed.walker@hotmail.co.uk"
        ],
        "content_type": [
            "shop",
            "product"
        ],
        "object_id": "3",
        "object_repr": "Test Product 3",
        "action_flag": 2,
        "change_message": "Changed main_image."
    }
},
{
    "model": "admin.logentry",
    "pk": 34,
    "fields": {
        "action_time": "2017-09-26T19:37:13.408Z",
        "user": [
            "ed.walker@hotmail.co.uk"
        ],
        "content_type": [
            "shop",
            "productimage"
        ],
        "object_id": "6",
        "object_repr": "Test Product 2",
        "action_flag": 3,
        "change_message": ""
    }
},
{
    "model": "admin.logentry",
    "pk": 35,
    "fields": {
        "action_time": "2017-09-26T19:37:13.580Z",
        "user": [
            "ed.walker@hotmail.co.uk"
        ],
        "content_type": [
            "shop",
            "productimage"
        ],
        "object_id": "5",
        "object_repr": "Test Product 2",
        "action_flag": 3,
        "change_message": ""
    }
},
{
    "model": "admin.logentry",
    "pk": 36,
    "fields": {
        "action_time": "2017-09-26T19:37:13.756Z",
        "user": [
            "ed.walker@hotmail.co.uk"
        ],
        "content_type": [
            "shop",
            "productimage"
        ],
        "object_id": "4",
        "object_repr": "Test Product 1",
        "action_flag": 3,
        "change_message": ""
    }
},
{
    "model": "admin.logentry",
    "pk": 37,
    "fields": {
        "action_time": "2017-09-26T19:37:13.953Z",
        "user": [
            "ed.walker@hotmail.co.uk"
        ],
        "content_type": [
            "shop",
            "productimage"
        ],
        "object_id": "2",
        "object_repr": "Test Product 1",
        "action_flag": 3,
        "change_message": ""
    }
},
{
    "model": "admin.logentry",
    "pk": 38,
    "fields": {
        "action_time": "2017-09-26T19:37:14.161Z",
        "user": [
            "ed.walker@hotmail.co.uk"
        ],
        "content_type": [
            "shop",
            "productimage"
        ],
        "object_id": "1",
        "object_repr": "Test Product 1",
        "action_flag": 3,
        "change_message": ""
    }
},
{
    "model": "admin.logentry",
    "pk": 39,
    "fields": {
        "action_time": "2017-09-26T19:37:23.850Z",
        "user": [
            "ed.walker@hotmail.co.uk"
        ],
        "content_type": [
            "shop",
            "productimage"
        ],
        "object_id": "7",
        "object_repr": "Test Product 1",
        "action_flag": 1,
        "change_message": ""
    }
},
{
    "model": "admin.logentry",
    "pk": 40,
    "fields": {
        "action_time": "2017-09-26T19:37:32.113Z",
        "user": [
            "ed.walker@hotmail.co.uk"
        ],
        "content_type": [
            "shop",
            "productimage"
        ],
        "object_id": "8",
        "object_repr": "Test Product 1",
        "action_flag": 1,
        "change_message": ""
    }
},
{
    "model": "admin.logentry",
    "pk": 41,
    "fields": {
        "action_time": "2017-09-26T19:37:44.308Z",
        "user": [
            "ed.walker@hotmail.co.uk"
        ],
        "content_type": [
            "shop",
            "productimage"
        ],
        "object_id": "9",
        "object_repr": "Test Product 1",
        "action_flag": 1,
        "change_message": ""
    }
},
{
    "model": "admin.logentry",
    "pk": 42,
    "fields": {
        "action_time": "2017-09-26T19:37:51.138Z",
        "user": [
            "ed.walker@hotmail.co.uk"
        ],
        "content_type": [
            "shop",
            "productimage"
        ],
        "object_id": "10",
        "object_repr": "Test Product 2",
        "action_flag": 1,
        "change_message": ""
    }
},
{
    "model": "admin.logentry",
    "pk": 43,
    "fields": {
        "action_time": "2017-09-26T19:37:57.227Z",
        "user": [
            "ed.walker@hotmail.co.uk"
        ],
        "content_type": [
            "shop",
            "productimage"
        ],
        "object_id": "11",
        "object_repr": "Test Product 2",
        "action_flag": 1,
        "change_message": ""
    }
},
{
    "model": "admin.logentry",
    "pk": 44,
    "fields": {
        "action_time": "2017-10-03T19:17:16.192Z",
        "user": [
            "ed.walker@hotmail.co.uk"
        ],
        "content_type": [
            "shop",
            "product"
        ],
        "object_id": "4",
        "object_repr": "Test Product 4",
        "action_flag": 1,
        "change_message": ""
    }
},
{
    "model": "admin.logentry",
    "pk": 45,
    "fields": {
        "action_time": "2017-10-05T18:53:48.921Z",
        "user": [
            "ed.walker@hotmail.co.uk"
        ],
        "content_type": [
            "shop",
            "product"
        ],
        "object_id": "5",
        "object_repr": "Test Product 5",
        "action_flag": 1,
        "change_message": ""
    }
},
{
    "model": "admin.logentry",
    "pk": 46,
    "fields": {
        "action_time": "2017-10-05T18:54:23.756Z",
        "user": [
            "ed.walker@hotmail.co.uk"
        ],
        "content_type": [
            "shop",
            "product"
        ],
        "object_id": "6",
        "object_repr": "Test Product 6",
        "action_flag": 1,
        "change_message": ""
    }
}
]
